{"stage_id": [1], "z": [0.4, 0.32, 0.24, 0.16, 0.08, 0.0, 0.0, -0.02, -0.04, -0.06, -0.08, -0.1, -0.1, -0.20571, -0.31143, -0.41714, -0.52286, -0.62857, -0.62857, -0.73429, -0.84, -0.94571, -1.05143, -1.15714, -1.15714, -1.26286, -1.36857, -1.47429, -1.58, -1.68571, -1.68571, -1.79143, -1.89714, -2.00286, -2.10857, -2.21429, -2.21429, -2.32, -2.42571, -2.53143, -2.63714, -2.74286, -2.74286, -2.84857, -2.95429, -3.06, -3.16571, -3.27143, -3.27143, -3.37714, -3.48286, -3.58857, -3.69429, -3.8, -3.8, -3.87, -3.94, -4.01, -4.08, -4.15, -4.15, -4.22, -4.29, -4.36, -4.43, -4.5, -4.5, -4.52, -4.54, -4.56, -4.58, -4.6, -4.6, -4.68, -4.76, -4.84, -4.92, -5.0, -5.0, -5.1, -5.2, -5.3, -5.4, -5.5, -5.5, -5.6, -5.7, -5.8, -5.9, -6.0, -6.0, -6.1, -6.2, -6.3, -6.4, -6.5, -6.5, -6.6, -6.7, -6.8, -6.9, -7.0, -7.0, -7.1, -7.2, -7.3, -7.4, -7.5, -7.5, -7.6, -7.7, -7.8, -7.9, -8.0, -8.0, -8.096, -8.192, -8.288, -8.384, -8.48, -8.48, -8.576, -8.672, -8.768, -8.864, -8.96, -8.96, -9.056, -9.152, -9.248, -9.344, -9.44, -9.44, -9.536, -9.632, -9.728, -9.824, -9.92, -9.92, -10.016, -10.112, -10.208, -10.304, -10.4], "moment": [[0.0, 0.0, 0.0, 0.0, 0.0, 0.0, 0.0, 0.0, 0.0, 0.0, 0.0, 0.0, 0.0, 0.0, 0.0, 0.0, 0.0, 0.0, 0.0, 0.0, 0.0, 0.0, 0.0, 0.0, 0.0, 0.0, 0.0, 0.0, 0.0, 0.0, 0.0, 0.0, 0.0, 0.0, 0.0, 0.0, 0.0, 0.0, 0.0, 0.0, 0.0, 0.0, 0.0, 0.0, 0.0, 0.0, 0.0, 0.0, 0.0, 0.0, 0.0, 0.0, 0.0, 0.0, 0.0, 0.0, 0.0, 0.0, 0.0, 0.0, 0.0, 0.0, 0.0, 0.0, 0.0, 0.0, 0.0, 8e-05, 0.00063, 0.00216, 0.00521, 0.01026, 0.01107, 0.05748, 0.16241, 0.34443, 0.61631, 0.97635, 0.97487, 1.46621, 1.93287, 2.33773, 2.64437, 2.81785, 2.81782, 2.90523, 2.96513, 2.98248, 2.94281, 2.83214, 2.83235, 2.68673, 2.54597, 2.40186, 2.24438, 2.06091, 2.06073, 1.87507, 1.71239, 1.56142, 1.41054, 1.2478, 1.24784, 1.09192, 0.96219, 0.84788, 0.738, 0.62141, 0.62144, 0.51339, 0.42977, 0.36049, 0.29544, 0.22446, 0.22447, 0.16334, 0.12218, 0.09173, 0.06272, 0.02592, 0.02593, -0.00701, -0.02378, -0.03253, -0.04138, -0.05836, -0.05836, -0.07315, -0.07487, -0.07065, -0.0676, -0.07273, -0.07273, -0.07677, -0.06999, -0.05867, -0.04905, -0.04734, -0.04734, -0.04515, -0.03372, -0.01868, -0.00559, 0.0]], "shear": [[0.0, 0.0, 0.0, 0.0, 0.0, 0.0, 0.0, 0.0, 0.0, 0.0, 0.0, 0.0, 0.0, 0.0, 0.0, 0.0, 0.0, 0.0, 0.0, 0.0, 0.0, 0.0, 0.0, 0.0, 0.0, 0.0, 0.0, 0.0, 0.0, 0.0, 0.0, 0.0, 0.0, 0.0, 0.0, 0.0, 0.0, 0.0, 0.0, 0.0, 0.0, 0.0, 0.0, 0.0, 0.0, 0.0, 0.0, 0.0, 0.0, 0.0, 0.0, 0.0, 0.0, 0.0, 0.0, 0.0, 0.0, 0.0, 0.0, 0.0, 0.0, 0.0, 0.0, 0.0, 0.0, 0.0, -3e-05, 0.01152, 0.04776, 0.11025, 0.19877, 0.30927, 0.30106, 0.9037, 1.75955, 2.81873, 3.98668, 4.93149, 4.91412, 4.85164, 4.41929, 3.61708, 2.45736, 0.95696, 0.95943, 0.76224, 0.41081, -0.08792, -0.72865, -1.50759, -1.50655, -1.41877, -1.40966, -1.48888, -1.68256, -2.00924, -2.00804, -1.72324, -1.54918, -1.4896, -1.54793, -1.72726, -1.72543, -1.41043, -1.20209, -1.10255, -1.11363, -1.23682, -1.23589, -0.94164, -0.74769, -0.65471, -0.6632, -0.77341, -0.77308, -0.51665, -0.3569, -0.29368, -0.32674, -0.45574, -0.45569, -0.24469, -0.11884, -0.07765, -0.12058, -0.24708, -0.24715, -0.07354, 0.02535, 0.05012, 0.00135, -0.12041, -0.1205, 0.02523, 0.10518, 0.11985, 0.06974, -0.04471, -0.04477, 0.08068, 0.14754, 0.15618, 0.10691, 1e-05]], "displacement": [[-2.83502, -2.77874, -2.72245, -2.66617, -2.60989, -2.5536, -2.5536, -2.53953, -2.52546, -2.51139, -2.49732, -2.48325, -2.48325, -2.40887, -2.33449, -2.26012, -2.18574, -2.11136, -2.11136, -2.03699, -1.96261, -1.88824, -1.81386, -1.73948, -1.73948, -1.66511, -1.59073, -1.51636, -1.44198, -1.3676, -1.3676, -1.29323, -1.21885, -1.14448, -1.0701, -0.99572, -0.99572, -0.92135, -0.84697, -0.7726, -0.69822, -0.62384, -0.62384, -0.54947, -0.47509, -0.40072, -0.32634, -0.25196, -0.25196, -0.17759, -0.10321, -0.02883, 0.04554, 0.11992, 0.11992, 0.16917, 0.21842, 0.26766, 0.31691, 0.36616, 0.36616, 0.41541, 0.46466, 0.51391, 0.56316, 0.61241, 0.61241, 0.62648, 0.64055, 0.65462, 0.66869, 0.68276, 0.68276, 0.73908, 0.79536, 0.85142, 0.90709, 0.96218, 0.96218, 1.02974, 1.09514, 1.15782, 1.21724, 1.27284, 1.27284, 1.32423, 1.37139, 1.41432, 1.45299, 1.4874, 1.4874, 1.51765, 1.544, 1.56666, 1.58586, 1.60181, 1.60181, 1.61476, 1.625, 1.63274, 1.63821, 1.64165, 1.64165, 1.64329, 1.64334, 1.64198, 1.63938, 1.63572, 1.63572, 1.63118, 1.62588, 1.61995, 1.61349, 1.6066, 1.6066, 1.5997, 1.59257, 1.58527, 1.57784, 1.57034, 1.57034, 1.56281, 1.55528, 1.54778, 1.54032, 1.53292, 1.53292, 1.5256, 1.51837, 1.51124, 1.50421, 1.49727, 1.49727, 1.49043, 1.48369, 1.47704, 1.47046, 1.46396, 1.46396, 1.45752, 1.45114, 1.4448, 1.43849, 1.43219]], "max_moment": [2.98248], "max_shear": [4.93149], "max_displacement": [2.83502]}