{"stage_id": [1], "z": [0.4, 0.32, 0.24, 0.16, 0.08, 0.0, 0.0, -0.02, -0.04, -0.06, -0.08, -0.1, -0.1, -0.20571, -0.31143, -0.41714, -0.52286, -0.62857, -0.62857, -0.73429, -0.84, -0.94571, -1.05143, -1.15714, -1.15714, -1.26286, -1.36857, -1.47429, -1.58, -1.68571, -1.68571, -1.79143, -1.89714, -2.00286, -2.10857, -2.21429, -2.21429, -2.32, -2.42571, -2.53143, -2.63714, -2.74286, -2.74286, -2.84857, -2.95429, -3.06, -3.16571, -3.27143, -3.27143, -3.37714, -3.48286, -3.58857, -3.69429, -3.8, -3.8, -3.87, -3.94, -4.01, -4.08, -4.15, -4.15, -4.22, -4.29, -4.36, -4.43, -4.5, -4.5, -4.52, -4.54, -4.56, -4.58, -4.6, -4.6, -4.68, -4.76, -4.84, -4.92, -5.0, -5.0, -5.1, -5.2, -5.3, -5.4, -5.5, -5.5, -5.6, -5.7, -5.8, -5.9, -6.0, -6.0, -6.1, -6.2, -6.3, -6.4, -6.5, -6.5, -6.6, -6.7, -6.8, -6.9, -7.0, -7.0, -7.1, -7.2, -7.3, -7.4, -7.5, -7.5, -7.6, -7.7, -7.8, -7.9, -8.0, -8.0, -8.096, -8.192, -8.288, -8.384, -8.48, -8.48, -8.576, -8.672, -8.768, -8.864, -8.96, -8.96, -9.056, -9.152, -9.248, -9.344, -9.44, -9.44, -9.536, -9.632, -9.728, -9.824, -9.92, -9.92, -10.016, -10.112, -10.208, -10.304, -10.4], "moment": [[0.0, 0.0, 0.0, 0.0, 0.0, 0.0, 0.0, 0.0, 0.0, 0.0, 0.0, 0.0, 0.0, 0.0, 0.0, 0.0, 0.0, 0.0, 0.0, 0.0, 0.0, 0.0, 0.0, 0.0, 0.0, 0.0, 0.0, 0.0, 0.0, 0.0, 0.0, 0.0, 0.0, 0.0, 0.0, 0.0, 0.0, 0.0, 0.0, 0.0, 0.0, 0.0, 0.0, 0.0, 0.0, 0.0, 0.0, 0.0, 0.0, 0.0, 0.0, 0.0, 0.0, 0.0, 0.0, 0.0, 0.0, 0.0, 0.0, 0.0, 0.0, 0.0, 0.0, 0.0, 0.0, 0.0, 0.0, 8e-05, 0.00063, 0.00216, 0.0052, 0.01021, 0.01102, 0.05682, 0.16019, 0.33868, 0.60353, 0.94783, 0.94633, 1.41283, 1.85684, 2.24125, 2.52965, 2.6871, 2.68747, 2.76415, 2.82319, 2.85044, 2.83101, 2.74777, 2.74736, 2.63355, 2.52611, 2.41274, 2.28074, 2.117, 2.11704, 1.94672, 1.79608, 1.65396, 1.50881, 1.34871, 1.34874, 1.19328, 1.06274, 0.94637, 0.8332, 0.71202, 0.71205, 0.59875, 0.50986, 0.43521, 0.3646, 0.28771, 0.28773, 0.22038, 0.17264, 0.13572, 0.10082, 0.05916, 0.05917, 0.02189, 0.00072, -0.01219, -0.02464, -0.04437, -0.04436, -0.06146, -0.0655, -0.06341, -0.06207, -0.06831, -0.06831, -0.07317, -0.06728, -0.05677, -0.04775, -0.04625, -0.04625, -0.04415, -0.033, -0.01829, -0.00547, 0.0]], "shear": [[0.0, 0.0, 0.0, 0.0, 0.0, 0.0, 0.0, 0.0, 0.0, 0.0, 0.0, 0.0, 0.0, 0.0, 0.0, 0.0, 0.0, 0.0, 0.0, 0.0, 0.0, 0.0, 0.0, 0.0, 0.0, 0.0, 0.0, 0.0, 0.0, 0.0, 0.0, 0.0, 0.0, 0.0, 0.0, 0.0, 0.0, 0.0, 0.0, 0.0, 0.0, 0.0, 0.0, 0.0, 0.0, 0.0, 0.0, 0.0, 0.0, 0.0, 0.0, 0.0, 0.0, 0.0, 0.0, 0.0, 0.0, 0.0, 0.0, 0.0, 0.0, 0.0, 0.0, 0.0, 0.0, 0.0, -3e-05, 0.01152, 0.04776, 0.11025, 0.19767, 0.30598, 0.29767, 0.89164, 1.7293, 2.76091, 3.85237, 4.67254, 4.65492, 4.61415, 4.20369, 3.4236, 2.28607, 0.80769, 0.80693, 0.70242, 0.45504, 0.06589, -0.48385, -1.21055, -1.21005, -1.08603, -1.08321, -1.20536, -1.45651, -1.84078, -1.83773, -1.58654, -1.44486, -1.41678, -1.50613, -1.71638, -1.71441, -1.41232, -1.2164, -1.12921, -1.15296, -1.28953, -1.28847, -0.99415, -0.80071, -0.70917, -0.72031, -0.83467, -0.83425, -0.58415, -0.42566, -0.35881, -0.38351, -0.49958, -0.49949, -0.29078, -0.16394, -0.11855, -0.15416, -0.2703, -0.27035, -0.098, 0.00185, 0.02977, -0.0137, -0.12803, -0.12811, 0.01606, 0.09602, 0.11227, 0.06529, -0.04449, -0.04455, 0.07856, 0.14424, 0.15284, 0.10467, 1e-05]], "displacement": [[-2.91877, -2.86185, -2.80492, -2.748, -2.69107, -2.63415, -2.63415, -2.61991, -2.60568, -2.59145, -2.57722, -2.56299, -2.56299, -2.48777, -2.41254, -2.33732, -2.2621, -2.18688, -2.18688, -2.11165, -2.03643, -1.96121, -1.88599, -1.81076, -1.81076, -1.73554, -1.66032, -1.58509, -1.50987, -1.43465, -1.43465, -1.35943, -1.2842, -1.20898, -1.13376, -1.05854, -1.05854, -0.98331, -0.90809, -0.83287, -0.75765, -0.68242, -0.68242, -0.6072, -0.53198, -0.45676, -0.38153, -0.30631, -0.30631, -0.23109, -0.15586, -0.08064, -0.00542, 0.0698, 0.0698, 0.11961, 0.16942, 0.21923, 0.26904, 0.31885, 0.31885, 0.36866, 0.41847, 0.46828, 0.51809, 0.5679, 0.5679, 0.58213, 0.59636, 0.61059, 0.62482, 0.63905, 0.63905, 0.69601, 0.75293, 0.80963, 0.86595, 0.92171, 0.92171, 0.99014, 1.05648, 1.12022, 1.18083, 1.23779, 1.23779, 1.29073, 1.33966, 1.38454, 1.42535, 1.46206, 1.46206, 1.49473, 1.52358, 1.54878, 1.57051, 1.58893, 1.58893, 1.60427, 1.61679, 1.62669, 1.63419, 1.63952, 1.63952, 1.6429, 1.64455, 1.64464, 1.64335, 1.64085, 1.64085, 1.63735, 1.63297, 1.62783, 1.62206, 1.61576, 1.61576, 1.60934, 1.60261, 1.59565, 1.5885, 1.58122, 1.58122, 1.57387, 1.56648, 1.55909, 1.55171, 1.54437, 1.54437, 1.53709, 1.5299, 1.52278, 1.51575, 1.5088, 1.5088, 1.50195, 1.4952, 1.48853, 1.48193, 1.47541, 1.47541, 1.46894, 1.46254, 1.45617, 1.44983, 1.4435]], "max_moment": [2.85044], "max_shear": [4.67254], "max_displacement": [2.91877]}