{"stage_id": [1], "z": [0.4, 0.32, 0.24, 0.16, 0.08, 0.0, 0.0, -0.02, -0.04, -0.06, -0.08, -0.1, -0.1, -0.20571, -0.31143, -0.41714, -0.52286, -0.62857, -0.62857, -0.73429, -0.84, -0.94571, -1.05143, -1.15714, -1.15714, -1.26286, -1.36857, -1.47429, -1.58, -1.68571, -1.68571, -1.79143, -1.89714, -2.00286, -2.10857, -2.21429, -2.21429, -2.32, -2.42571, -2.53143, -2.63714, -2.74286, -2.74286, -2.84857, -2.95429, -3.06, -3.16571, -3.27143, -3.27143, -3.37714, -3.48286, -3.58857, -3.69429, -3.8, -3.8, -3.87, -3.94, -4.01, -4.08, -4.15, -4.15, -4.22, -4.29, -4.36, -4.43, -4.5, -4.5, -4.52, -4.54, -4.56, -4.58, -4.6, -4.6, -4.68, -4.76, -4.84, -4.92, -5.0, -5.0, -5.1, -5.2, -5.3, -5.4, -5.5, -5.5, -5.6, -5.7, -5.8, -5.9, -6.0, -6.0, -6.1, -6.2, -6.3, -6.4, -6.5, -6.5, -6.6, -6.7, -6.8, -6.9, -7.0, -7.0, -7.1, -7.2, -7.3, -7.4, -7.5, -7.5, -7.6, -7.7, -7.8, -7.9, -8.0, -8.0, -8.096, -8.192, -8.288, -8.384, -8.48, -8.48, -8.576, -8.672, -8.768, -8.864, -8.96, -8.96, -9.056, -9.152, -9.248, -9.344, -9.44, -9.44, -9.536, -9.632, -9.728, -9.824, -9.92, -9.92, -10.016, -10.112, -10.208, -10.304, -10.4], "moment": [[0.0, 0.0, 0.0, 0.0, 0.0, 0.0, 0.0, 0.0, 0.0, 0.0, 0.0, 0.0, 0.0, 0.0, 0.0, 0.0, 0.0, 0.0, 0.0, 0.0, 0.0, 0.0, 0.0, 0.0, 0.0, 0.0, 0.0, 0.0, 0.0, 0.0, 0.0, 0.0, 0.0, 0.0, 0.0, 0.0, 0.0, 0.0, 0.0, 0.0, 0.0, 0.0, 0.0, 0.0, 0.0, 0.0, 0.0, 0.0, 0.0, 0.0, 0.0, 0.0, 0.0, 0.0, 0.0, 0.0, 0.0, 0.0, 0.0, 0.0, 0.0, 0.0, 0.0, 0.0, 0.0, 0.0, 0.0, 8e-05, 0.00063, 0.00216, 0.00521, 0.01026, 0.01101, 0.05754, 0.16259, 0.34459, 0.6157, 0.97239, 0.97104, 1.45891, 1.92714, 2.33776, 2.65358, 2.83894, 2.83928, 2.94371, 3.02981, 3.08286, 3.08702, 3.0246, 3.0242, 2.92811, 2.83511, 2.7328, 2.60847, 2.44907, 2.4491, 2.2799, 2.12736, 1.98055, 1.82817, 1.65857, 1.6586, 1.49167, 1.348, 1.21713, 1.08837, 0.95082, 0.95084, 0.82065, 0.71458, 0.62271, 0.53504, 0.44145, 0.44146, 0.35856, 0.29587, 0.2447, 0.19635, 0.14209, 0.1421, 0.09314, 0.06123, 0.03855, 0.01731, -0.01025, -0.01025, -0.03423, -0.04424, -0.04723, -0.05015, -0.05988, -0.05988, -0.06751, -0.06375, -0.0548, -0.04684, -0.046, -0.046, -0.04424, -0.03319, -0.01844, -0.00553, 0.0]], "shear": [[0.0, 0.0, 0.0, 0.0, 0.0, 0.0, 0.0, 0.0, 0.0, 0.0, 0.0, 0.0, 0.0, 0.0, 0.0, 0.0, 0.0, 0.0, 0.0, 0.0, 0.0, 0.0, 0.0, 0.0, 0.0, 0.0, 0.0, 0.0, 0.0, 0.0, 0.0, 0.0, 0.0, 0.0, 0.0, 0.0, 0.0, 0.0, 0.0, 0.0, 0.0, 0.0, 0.0, 0.0, 0.0, 0.0, 0.0, 0.0, 0.0, 0.0, 0.0, 0.0, 0.0, 0.0, 0.0, 0.0, 0.0, 0.0, 0.0, 0.0, 0.0, 0.0, 0.0, 0.0, 0.0, 0.0, 0.0, 0.01154, 0.04778, 0.11027, 0.19884, 0.30955, 0.30197, 0.90545, 1.76064, 2.81661, 3.96457, 4.86749, 4.85137, 4.84361, 4.45727, 3.69303, 2.5638, 1.08699, 1.08603, 0.97727, 0.72076, 0.31418, -0.26122, -1.01732, -1.01708, -0.92501, -0.95563, -1.11177, -1.39663, -1.81363, -1.8108, -1.59078, -1.47822, -1.47686, -1.59023, -1.82164, -1.81971, -1.5358, -1.35508, -1.28012, -1.31322, -1.45637, -1.45525, -1.16492, -0.97306, -0.88089, -0.88943, -0.99944, -0.99893, -0.74321, -0.57791, -0.50324, -0.51932, -0.62615, -0.62599, -0.40758, -0.27076, -0.21525, -0.24076, -0.34692, -0.34693, -0.16486, -0.05565, -0.01882, -0.05393, -0.16052, -0.16057, -0.00934, 0.07695, 0.09873, 0.05644, -0.04953, -0.04957, 0.07644, 0.14409, 0.15372, 0.1056, 1e-05]], "displacement": [[-2.54447, -2.49273, -2.44099, -2.38926, -2.33752, -2.28578, -2.28578, -2.27284, -2.25991, -2.24697, -2.23404, -2.2211, -2.2211, -2.15273, -2.08436, -2.01599, -1.94763, -1.87926, -1.87926, -1.81089, -1.74252, -1.67415, -1.60578, -1.53741, -1.53741, -1.46904, -1.40067, -1.3323, -1.26393, -1.19556, -1.19556, -1.12719, -1.05882, -0.99045, -0.92208, -0.85371, -0.85371, -0.78534, -0.71697, -0.6486, -0.58023, -0.51186, -0.51186, -0.44349, -0.37512, -0.30675, -0.23839, -0.17002, -0.17002, -0.10165, -0.03328, 0.03509, 0.10346, 0.17183, 0.17183, 0.2171, 0.26238, 0.30765, 0.35292, 0.39819, 0.39819, 0.44346, 0.48873, 0.53401, 0.57928, 0.62455, 0.62455, 0.63748, 0.65042, 0.66335, 0.67629, 0.68922, 0.68922, 0.74099, 0.79272, 0.84428, 0.89552, 0.94631, 0.94631, 1.00875, 1.06946, 1.128, 1.18392, 1.23676, 1.23676, 1.28621, 1.33222, 1.37476, 1.41375, 1.44916, 1.44916, 1.48101, 1.50945, 1.5346, 1.55659, 1.57556, 1.57556, 1.59167, 1.60512, 1.61609, 1.62477, 1.63132, 1.63132, 1.63595, 1.63884, 1.64015, 1.64004, 1.63867, 1.63867, 1.63621, 1.63279, 1.62853, 1.62353, 1.61792, 1.61792, 1.61206, 1.60581, 1.59924, 1.59239, 1.58535, 1.58535, 1.57815, 1.57086, 1.56349, 1.55608, 1.54866, 1.54866, 1.54125, 1.53387, 1.52654, 1.51925, 1.51202, 1.51202, 1.50486, 1.49778, 1.49075, 1.48378, 1.47687, 1.47687, 1.47001, 1.46319, 1.45641, 1.44964, 1.44289]], "max_moment": [3.08702], "max_shear": [4.86749], "max_displacement": [2.54447]}